{
  "train_loss": [
    0.4658796903863549,
    0.28791056250222025,
    0.27117841004161164,
    0.2394701331341639,
    0.1705536977056181,
    0.16834548771614208,
    0.14894884003704648,
    0.10721615550020942,
    0.0908611252898845,
    0.04313480231830909,
    0.05585161458257062,
    0.03048701480311138
  ],
  "train_acc": [
    0.79,
    0.885,
    0.88625,
    0.9,
    0.925,
    0.9325,
    0.938125,
    0.958125,
    0.965,
    0.985,
    0.983125,
    0.99
  ],
  "val_loss": [
    0.18333402713760732,
    0.1586769158486277,
    0.15739547953009606,
    0.14238101562485098,
    0.10818060994730332,
    0.11241673454875127,
    0.17246554350480436,
    0.2400557478389237,
    0.18693171377119142,
    0.17817564863798907,
    0.13572570157848532,
    0.15104674140551652
  ],
  "val_acc": [
    0.9525,
    0.9375,
    0.955,
    0.955,
    0.9625,
    0.9575,
    0.9525,
    0.9375,
    0.95,
    0.955,
    0.955,
    0.95
  ],
  "learning_rate": [
    0.0001,
    0.0001,
    0.0001,
    0.0001,
    0.0001,
    0.0001,
    0.0001,
    0.0001,
    0.0001,
    5e-05,
    5e-05,
    5e-05
  ]
}